name,freq
Cat,271.0
Food,176.0
Dry,153.0
"Food,",150.0
Adult,131.0
Wet,90.0
-,85.0
Chicken,82.0
of,77.0
Tuna,76.0
&amp;,75.0
1,66.0
Ocean,65.0
Pack,64.0
for,62.0
and,61.0
in,61.0
"Flavour,",60.0
Kitten,52.0
(Pack,45.0
with,42.0
"Fish,",41.0
(+1,38.0
Dog,37.0
Year),37.0
Fish,37.0
x,37.0
g,35.0
kg,35.0
Cats,33.0
Pet,32.0
Spoon,31.0
Shovel,31.0
Feeding,31.0
(Buy,30.0
Pouches,30.0
Free),29.0
1.2kg,28.0
12,27.0
Get,27.0
Animal,27.0
Up,27.0
Gravy,26.0
(12,25.0
Free,25.0
Months),24.0
Portable,24.0
Compost,24.0
Garden,24.0
Salmon,22.0
Mackerel,21.0
85,21.0
(2-12,20.0
Canin,18.0
White,16.0
12),16.0
Flavour,16.0
Real,16.0
85g),15.0
Premium,15.0
1.2,15.0
"Gravy,",15.0
Persian,14.0
7kg,14.0
(1+,13.0
3,13.0
Kg,13.0
5,12.0
Seafood,12.0
70g),12.0
Grain,12.0
Adult(+1,12.0
Jelly,12.0
24,12.0
N&amp;D,12.0
6,12.0
Blue,11.0
"Years),",11.0
Gray,11.0
"Adult,",11.0
Pouch,11.0
Pink,11.0
(24,10.0
Meat,10.0
Each,10.0
85g,9.0
cat,9.0
1.1,9.0
KG,9.0
(1-12,9.0
X,9.0
CAT,8.0
Can,8.0
Bite,8.0
Adults,8.0
Active,8.0
Feast,8.0
80,8.0
2,8.0
Kitchen,8.0
Mix,8.0
Matisse,8.0
"Months),",8.0
With,7.0
(All,7.0
400g,7.0
"Mackerel,",7.0
Liver,7.0
600g,7.0
2),7.0
Kittens,7.0
Tasty,7.0
Cans,7.0
1.1kg,7.0
85gm,7.0
3kg,7.0
"Jelly,",7.0
"Grain-Free,",7.0
7,7.0
"Treat,",6.0
Scoop,6.0
year),6.0
Fillets,6.0
Made,6.0
Fine,6.0
Canned,6.0
Cans),6.0
Kitten(1-12,6.0
Green,6.0
GET,6.0
For,6.0
Fancy,6.0
"Kittens,",6.0
|,6.0
1.5,6.0
"1.5-kg,",6.0
(1,6.0
"(1+Years),",6.0
3),5.0
"Cats,",5.0
+,5.0
1kg,5.0
Fit,5.0
"Chicken,",5.0
"Salmon,",5.0
Brown,5.0
Bag,5.0
Natural,5.0
400,5.0
Prawns,4.0
Prime,4.0
Proactive,4.0
Gourmet,4.0
Diet,4.0
Quinoa,4.0
Rich,4.0
48,4.0
Chunks,4.0
Cats),4.0
500g,4.0
SHOPP,4.0
450g,4.0
Pack),4.0
FRISKIES,4.0
Feeder,4.0
"Milk,",4.0
Flavor,4.0
"Flavours,",4.0
Me-O,4.0
35g),4.0
Formula,4.0
32,4.0
Loaf,4.0
Life,4.0
Let's,4.0
GMS),4.0
Health,4.0
Seaweed,4.0
1),4.0
Hand,4.0
Breeds,4.0
Baby,4.0
"Biscuit,",4.0
Yums,4.0
All,4.0
"Tuna,",4.0
Whiskas,4.0
gm,4.0
70,4.0
70g,4.0
Wakame,4.0
Tails,4.0
"year),",4.0
King,3.0
"Kitten,",3.0
480g,3.0
Pound,3.0
Pomegranate,3.0
Years),3.0
Orange,3.0
Om,3.0
Herring,3.0
Feline,3.0
Navy,3.0
Multipack,3.0
Mother,3.0
Indoor,3.0
Milk,3.0
fillets,3.0
Medley,3.0
Intense,3.0
food,3.0
"Flavor,",3.0
2Pcs,3.0
4),3.0
Grams,3.0
4,3.0
months),3.0
24),3.0
85-gm,3.0
70gm,3.0
Lamb,3.0
g),3.0
(48,3.0
Treat,3.0
Recipe,3.0
"Cat,",3.0
"5-kg,",3.0
(India),3.0
Turkey,3.0
Sardine,3.0
Carrot,3.0
",",3.0
SYSTEMS,3.0
Scooper,3.0
Sea,3.0
Coconut,3.0
Rice,3.0
Schesir,3.0
Beauty,3.0
Shrimp,3.0
Puppy,3.0
Skip,2.0
peace,2.0
Love,2.0
"Stages,",2.0
Longevity,2.0
"Spoon,",2.0
pouches,2.0
salmon,2.0
High,2.0
Snapper,2.0
Inside,2.0
Instinctive,2.0
Sensations,2.0
Junior,2.0
Jack,2.0
(,2.0
Skin,2.0
Tender,2.0
2.8,2.0
200,2.0
ME-O,2.0
Kg),2.0
"Jar,",2.0
Tempting,2.0
KGS,2.0
"Seafood,",2.0
"Protein,",2.0
7Kg,2.0
Maguro,2.0
Proteinous,2.0
1.1Kg,2.0
Whitefish,2.0
Whole,2.0
Purepet,2.0
Potato,2.0
Wilderness,2.0
1.5-kg,2.0
"Year),",2.0
Pellet,2.0
Ham,2.0
"10-kg,",2.0
"Sticks,",2.0
Pacific,2.0
PET,2.0
Royal,2.0
OEM,2.0
[Pack,2.0
Nutrition,2.0
SEAFOOD,2.0
(24x,2.0
Mutton,2.0
"Vegetable,",2.0
-80gm,2.0
Urinary,2.0
Sasami,2.0
Savoury,2.0
Pro,2.0
gravy,2.0
Systems,2.0
1KG,2.0
Hairball,2.0
And,2.0
Fur,2.0
"Free),",2.0
Food-,2.0
Balanced,2.0
Fillet,2.0
Breed,2.0
Breeds),2.0
450G,2.0
Feathers,2.0
Farmina,2.0
Extract,2.0
Broth,2.0
Buffalo,2.0
Buy,2.0
51%,2.0
Duck,2.0
50g,2.0
500gm,2.0
500,2.0
Cran,2.0
50,2.0
4kg,2.0
Combo,2.0
6),2.0
Cocktail,2.0
7),2.0
2kg,2.0
6.8,2.0
Grange,2.0
700,2.0
6],2.0
"pack,",1.0
oz.,1.0
Skipjack,1.0
"Bucket,",1.0
Shrimps,1.0
oz,1.0
"Snapper,",1.0
Soup,1.0
Source,1.0
(Skipjack,1.0
Smoked,1.0
(2,1.0
Calcium,1.0
Stages,1.0
Stages),1.0
Brush,1.0
Sterilised,1.0
Struvite,1.0
Style,1.0
(1.5kg),1.0
Succulent,1.0
Supplement,1.0
Squid,1.0
(for,1.0
"Shovel,",1.0
Capacity,1.0
Saba,1.0
Safety,1.0
Coat,1.0
"you""",1.0
"Salmon),",1.0
Clumping,1.0
Clamp,1.0
71%,1.0
Sausage,1.0
Chamomile,1.0
5-lb,1.0
80g,1.0
Surfin',1.0
"85g),",1.0
"SeaFood,",1.0
Canine/Feline,1.0
85g/product,1.0
Sealing,1.0
85g/product.,1.0
Selection,1.0
Senior,1.0
Calibra,1.0
Shop,1.0
Shopp,1.0
Supports,1.0
Broccoli,1.0
Syrup,1.0
(6x50,1.0
Bathing,1.0
Weight,1.0
(Adult,1.0
(10,1.0
600,1.0
(80gx12),1.0
Whitebaits,1.0
Automatic,1.0
Asparagus,1.0
Wild,1.0
"Ashwagandha,",1.0
(6,1.0
Veterinary,1.0
(48gx12),1.0
"g,",1.0
Appetizer,1.0
Antioxidants,1.0
Anti,1.0
6.6-Pound,1.0
(15,1.0
a,1.0
(3kg,1.0
Aloe,1.0
Affair,1.0
Vita,1.0
Vegetables,1.0
6.5kg,1.0
"Coat,",1.0
Bristles,1.0
ml,1.0
(Ocean,1.0
love,1.0
kg),1.0
(1.6,1.0
The,1.0
Thick,1.0
Tonic,1.0
Transparent,1.0
Breast,1.0
Treats,1.0
5kg,1.0
"Treats,",1.0
Treats-,1.0
Bream,1.0
Tuna),1.0
Bone,1.0
Blueberry,1.0
Turmeric,1.0
Twisted,1.0
(BUY,1.0
Uretic,1.0
550g,1.0
(Kitten,1.0
"Combo,",1.0
SHOPOcean,1.0
15lb,1.0
"Lamb,",1.0
Lavender,1.0
300Gms),1.0
Light,1.0
Litter,1.0
Fruit,1.0
"Loaf,",1.0
"32,",1.0
Fragrance,1.0
Low,1.0
Luscious,1.0
Foods,1.0
16),1.0
3Kg,1.0
400-gm,1.0
Management,1.0
Mango,1.0
15kg,1.0
Food(1.2kg),1.0
15,1.0
Flakes,1.0
Melty,1.0
Meo,1.0
400-g,1.0
Fish),1.0
Mint,1.0
140g,1.0
11-Lb,1.0
GMS,1.0
LB,1.0
Kitty,1.0
"2),",1.0
Healthy,1.0
Grip,1.0
Grilled,1.0
Holistic,1.0
Home,1.0
Grey,1.0
240,1.0
Inside),1.0
250,1.0
Gravy-Salsa-Sas,1.0
27,1.0
GrainFree,1.0
20kg,1.0
"Jelly,12",1.0
200ml,1.0
Grain-Free,1.0
Kanikama,1.0
2000,1.0
&amp;amp;,1.0
30,1.0
Geriatrx,1.0
Gastrointestinal,1.0
2.6,1.0
Kitten),1.0
300,1.0
"2,",1.0
Kittens),1.0
10kg,1.0
Mousse,1.0
Cod!,1.0
DUX,1.0
455g,1.0
1.3,1.0
1.2Kg),1.0
"Pouches,",1.0
Powder,1.0
Dogs,1.0
Pregnant,1.0
Dog/Cat,1.0
Dispenser,1.0
Discoveries,1.0
Dinner,1.0
Protein,1.0
"Digestion,",1.0
Pumpkin,1.0
Multi-Purpose,1.0
Cuts,1.0
Cranberry,1.0
Quail,1.0
Rabbit,1.0
"Control,",1.0
48gm,1.0
"Recipe,",1.0
Red,1.0
Regular,1.0
Comfortable,1.0
Grooming,1.0
Rosemary,1.0
Rubber,1.0
Portions,1.0
Each.,1.0
Pomegranate-,1.0
Enterprises,1.0
430g,1.0
Multivitamin,1.0
Munchy,1.0
45%,1.0
My,1.0
100g,1.0
Fennel,1.0
Neutered,1.0
Nutrients,1.0
100,1.0
Oh,1.0
Favourites,1.0
Omega,1.0
Fat,1.0
450gm,1.0
FREE),1.0
Pancreas,1.0
Peas,1.0
Essential,1.0
Perfect,1.0
10,1.0
"Persian,",1.0
Epigen,1.0
Pieces,1.0
"Pieces,",1.0
Entree,1.0
Pocket,1.0
75g,1.0
